Workbook

Sheet Sheet1
A1: S No. | B1: Name | C1: Date of birth | D1: Place of birth | E1: File No | F1: Sex | G1: Name of Father | H1: Name of Mother | I1: Registration date | J1: ADD 1 | K1: ADD 2 | L1: ADD 3 | M1: MHA_File_No | N1: MHA_Date
A2: 1 | B2: ALYA RAO | C2: 45953 | D2: PENRITH | E2: IND/MEL/00001 | F2: F | G2: Neil Rao | H2: Mira Rao | I2: 45959 | J2: 159 Birchwood Lane | K2: Emerald Road | L2: PIN:895389 PENRITH | M2: MHA/IND/00001 | N2: 45845
A3: 2 | B3: DIYA KALEON | C3: 45774 | D3: WODONGA | E3: IND/MEL/00002 | F3: F | G3: Ishan Kaleon | H3: Alya Kaleon | I3: 45805 | J3: 21 Birchwood Lane | K3: Emerald Road | L3: PIN:899035 WODONGA | M3: MHA/IND/00002 | N3: 45898
A4: 3 | B4: ANYA RAO | C4: 45936 | D4: IPSWICH | E4: IND/MEL/00003 | F4: F | G4: Neil Rao | H4: Diya Rao | I4: 45992 | J4: 125 Birchwood Lane | K4: Emerald Road | L4: PIN:344922 IPSWICH | M4: MHA/IND/00003 | N4: 45877
A5: 4 | B5: NINA KALEON | C5: 45743 | D5: BERWICK | E5: IND/MEL/00004 | F5: F | G5: Arjun Kaleon | H5: Anya Kaleon | I5: 45754 | J5: 68 Birchwood Lane | K5: Emerald Road | L5: PIN:360661 BERWICK | M5: MHA/IND/00004 | N5: 45872
A6: 5 | B6: ANYA MYRTHOS | C6: 45950 | D6: CANBERRA | E6: IND/MEL/00005 | F6: F | G6: Arjun Myrthos | H6: Nina Myrthos | I6: 45969 | J6: 196 Birchwood Lane | K6: Emerald Road | L6: PIN:308984 CANBERRA | M6: MHA/IND/00005 | N6: 45840
A7: 6 | B7: ANYA KALEON | C7: 45659 | D7: CLAYTON | E7: IND/MEL/00006 | F7: F | G7: Aren Kaleon | H7: Alya Kaleon | I7: 45686 | J7: 37 Birchwood Lane | K7: Emerald Road | L7: PIN:907143 CLAYTON | M7: MHA/IND/00006 | N7: 45858
A8: 7 | B8: RIYA MYRTHOS | C8: 45841 | D8: BRISBANE | E8: IND/MEL/00007 | F8: F | G8: Aren Myrthos | H8: Sara Myrthos | I8: 45924 | J8: 78 Birchwood Lane | K8: Emerald Road | L8: PIN:350260 BRISBANE | M8: MHA/IND/00007 | N8: 45859
A9: 8 | B9: NEIL KALEON | C9: 45835 | D9: KINGSWOOD | E9: IND/MEL/00008 | F9: M | G9: Kiran Kaleon | H9: Diya Kaleon | I9: 45893 | J9: 112 Birchwood Lane | K9: Emerald Road | L9: PIN:337234 KINGSWOOD | M9: MHA/IND/00008 | N9: 45846
A10: 9 | B10: KABIR SHARMA | C10: 45926 | D10: CAMPBELLTOWN | E10: IND/MEL/00009 | F10: M | G10: Arjun Sharma | H10: Mira Sharma | I10: 45969 | J10: 84 Birchwood Lane | K10: Emerald Road | L10: PIN:403707 CAMPBELLTOWN | M10: MHA/IND/00009 | N10: 45896
A11: 10 | B11: ANYA RISHKAN | C11: 45663 | D11: BERWICK | E11: IND/MEL/00010 | F11: F | G11: Arjun Rishkan | H11: Mira Rishkan | I11: 45730 | J11: 61 Birchwood Lane | K11: Emerald Road | L11: PIN:379882 BERWICK | M11: MHA/IND/00010 | N11: 45848
A12: 11 | B12: ISHAN RAO | C12: 45706 | D12: PERTH | E12: IND/MEL/00011 | F12: M | G12: Arjun Rao | H12: Mira Rao | I12: 45815 | J12: 15 Birchwood Lane | K12: Emerald Road | L12: PIN:909065 PERTH | M12: MHA/IND/00011 | N12: 45884
A13: 12 | B13: DIYA SHARMA | C13: 45854 | D13: TRARALGON | E13: IND/MEL/00012 | F13: F | G13: Rohit Sharma | H13: Anya Sharma | I13: 45971 | J13: 105 Birchwood Lane | K13: Emerald Road | L13: PIN:749689 TRARALGON | M13: MHA/IND/00012 | N13: 45872
... A1441: 1440 | B1441: JOSHUA MARTINEZ | C1441: 45895 | D1441: NORTH RYANVILLE | E1441: IND/MEL/01440 | F1441: M | G1441: Brian Morris | H1441: Angie Smith | I1441: 46065 | J1441: 944 Laura Locks Suite 939 | K1441: Suite 757 | L1441: PIN:39091 SOUTH MICHELLEMOUTH | M1441: MHA/IND/01440 | N1441: 46081

Sheet DocuMateSRC
A1: Serial | B1: File_Number | C1: Name | D1: Sex | E1: Name_of_the_Father | F1: Name_of_the_Mother | G1: When_and_where_born | H1: Description_and_residence_of_informant | I1: Registration_date | J1: MHA_File_And_date | K1: STATUS | L1: Date_Printed | M1: Signing_Authority_Name | N1: Date_Issued
A2: =Sheet1!A2 & "/" & "2025" -> 1/2025 | B2: =Sheet1!E2 -> IND/MEL/00001 | C2: =UPPER(Sheet1!B2) -> ALYA RAO | D2: =IF(Sheet1!F2="F","FEMALE","MALE") -> FEMALE | E2: =UPPER(Sheet1!G2) -> NEIL RAO | F2: =UPPER(Sheet1!H2) -> MIRA RAO | G2: =TEXT(Sheet1!C2,"dd/mm/yyyy") & "," & Sheet1!D2 -> 23/10/2025,PENRITH | H2: =UPPER(Sheet1!J2 & "," & Sheet1!K2 & "," & Sheet1!L2) -> 159 BIRCHWOOD LANE,EMERALD ROAD,PIN:895389 PENRITH | I2: =Sheet1!I2 -> 45959 | J2: =Sheet1!M2 & "," & TEXT(Sheet1!N2,"dd/mm/yy") -> MHA/IND/00001,07/07/25 | K2: IN PROCESS | L2: 03/03/2026 | M2: MANISH KATARIA, VICE CONSUL | N2: 26/02/2026
A3: =Sheet1!A3 & "/" & "2025" -> 2/2025 | B3: =Sheet1!E3 -> IND/MEL/00002 | C3: =UPPER(Sheet1!B3) -> DIYA KALEON | D3: =IF(Sheet1!F3="F","FEMALE","MALE") -> FEMALE | E3: =UPPER(Sheet1!G3) -> ISHAN KALEON | F3: =UPPER(Sheet1!H3) -> ALYA KALEON | G3: =TEXT(Sheet1!C3,"dd/mm/yyyy") & "," & Sheet1!D3 -> 27/04/2025,WODONGA | H3: =UPPER(Sheet1!J3 & "," & Sheet1!K3 & "," & Sheet1!L3) -> 21 BIRCHWOOD LANE,EMERALD ROAD,PIN:899035 WODONGA | I3: =Sheet1!I3 -> 45805 | J3: =Sheet1!M3 & "," & TEXT(Sheet1!N3,"dd/mm/yy") -> MHA/IND/00002,29/08/25 | K3: IN PROCESS | L3: 03/03/2026 | M3: MANISH KATARIA, VICE CONSUL | N3: 26/02/2026
A4: =Sheet1!A4 & "/" & "2025" -> 3/2025 | B4: =Sheet1!E4 -> IND/MEL/00003 | C4: =UPPER(Sheet1!B4) -> ANYA RAO | D4: =IF(Sheet1!F4="F","FEMALE","MALE") -> FEMALE | E4: =UPPER(Sheet1!G4) -> NEIL RAO | F4: =UPPER(Sheet1!H4) -> DIYA RAO | G4: =TEXT(Sheet1!C4,"dd/mm/yyyy") & "," & Sheet1!D4 -> 06/10/2025,IPSWICH | H4: =UPPER(Sheet1!J4 & "," & Sheet1!K4 & "," & Sheet1!L4) -> 125 BIRCHWOOD LANE,EMERALD ROAD,PIN:344922 IPSWICH | I4: =Sheet1!I4 -> 45992 | J4: =Sheet1!M4 & "," & TEXT(Sheet1!N4,"dd/mm/yy") -> MHA/IND/00003,08/08/25 | K4: IN PROCESS | L4: 03/03/2026 | M4: MANISH KATARIA, VICE CONSUL | N4: 26/02/2026
A5: =Sheet1!A5 & "/" & "2025" -> 4/2025 | B5: =Sheet1!E5 -> IND/MEL/00004 | C5: =UPPER(Sheet1!B5) -> NINA KALEON | D5: =IF(Sheet1!F5="F","FEMALE","MALE") -> FEMALE | E5: =UPPER(Sheet1!G5) -> ARJUN KALEON | F5: =UPPER(Sheet1!H5) -> ANYA KALEON | G5: =TEXT(Sheet1!C5,"dd/mm/yyyy") & "," & Sheet1!D5 -> 27/03/2025,BERWICK | H5: =UPPER(Sheet1!J5 & "," & Sheet1!K5 & "," & Sheet1!L5) -> 68 BIRCHWOOD LANE,EMERALD ROAD,PIN:360661 BERWICK | I5: =Sheet1!I5 -> 45754 | J5: =Sheet1!M5 & "," & TEXT(Sheet1!N5,"dd/mm/yy") -> MHA/IND/00004,03/08/25 | K5: IN PROCESS | L5: 03/03/2026 | M5: MANISH KATARIA, VICE CONSUL | N5: 26/02/2026
A6: =Sheet1!A6 & "/" & "2025" -> 5/2025 | B6: =Sheet1!E6 -> IND/MEL/00005 | C6: =UPPER(Sheet1!B6) -> ANYA MYRTHOS | D6: =IF(Sheet1!F6="F","FEMALE","MALE") -> FEMALE | E6: =UPPER(Sheet1!G6) -> ARJUN MYRTHOS | F6: =UPPER(Sheet1!H6) -> NINA MYRTHOS | G6: =TEXT(Sheet1!C6,"dd/mm/yyyy") & "," & Sheet1!D6 -> 20/10/2025,CANBERRA | H6: =UPPER(Sheet1!J6 & "," & Sheet1!K6 & "," & Sheet1!L6) -> 196 BIRCHWOOD LANE,EMERALD ROAD,PIN:308984 CANBERRA | I6: =Sheet1!I6 -> 45969 | J6: =Sheet1!M6 & "," & TEXT(Sheet1!N6,"dd/mm/yy") -> MHA/IND/00005,02/07/25 | K6: IN PROCESS | L6: 03/03/2026 | M6: MANISH KATARIA, VICE CONSUL | N6: 26/02/2026
A7: =Sheet1!A7 & "/" & "2025" -> 6/2025 | B7: =Sheet1!E7 -> IND/MEL/00006 | C7: =UPPER(Sheet1!B7) -> ANYA KALEON | D7: =IF(Sheet1!F7="F","FEMALE","MALE") -> FEMALE | E7: =UPPER(Sheet1!G7) -> AREN KALEON | F7: =UPPER(Sheet1!H7) -> ALYA KALEON | G7: =TEXT(Sheet1!C7,"dd/mm/yyyy") & "," & Sheet1!D7 -> 02/01/2025,CLAYTON | H7: =UPPER(Sheet1!J7 & "," & Sheet1!K7 & "," & Sheet1!L7) -> 37 BIRCHWOOD LANE,EMERALD ROAD,PIN:907143 CLAYTON | I7: =Sheet1!I7 -> 45686 | J7: =Sheet1!M7 & "," & TEXT(Sheet1!N7,"dd/mm/yy") -> MHA/IND/00006,20/07/25 | K7: IN PROCESS | L7: 03/03/2026 | M7: MANISH KATARIA, VICE CONSUL | N7: 26/02/2026
A8: =Sheet1!A8 & "/" & "2025" -> 7/2025 | B8: =Sheet1!E8 -> IND/MEL/00007 | C8: =UPPER(Sheet1!B8) -> RIYA MYRTHOS | D8: =IF(Sheet1!F8="F","FEMALE","MALE") -> FEMALE | E8: =UPPER(Sheet1!G8) -> AREN MYRTHOS | F8: =UPPER(Sheet1!H8) -> SARA MYRTHOS | G8: =TEXT(Sheet1!C8,"dd/mm/yyyy") & "," & Sheet1!D8 -> 03/07/2025,BRISBANE | H8: =UPPER(Sheet1!J8 & "," & Sheet1!K8 & "," & Sheet1!L8) -> 78 BIRCHWOOD LANE,EMERALD ROAD,PIN:350260 BRISBANE | I8: =Sheet1!I8 -> 45924 | J8: =Sheet1!M8 & "," & TEXT(Sheet1!N8,"dd/mm/yy") -> MHA/IND/00007,21/07/25 | K8: IN PROCESS | L8: 03/03/2026 | M8: MANISH KATARIA, VICE CONSUL | N8: 26/02/2026
A9: =Sheet1!A9 & "/" & "2025" -> 8/2025 | B9: =Sheet1!E9 -> IND/MEL/00008 | C9: =UPPER(Sheet1!B9) -> NEIL KALEON | D9: =IF(Sheet1!F9="F","FEMALE","MALE") -> MALE | E9: =UPPER(Sheet1!G9) -> KIRAN KALEON | F9: =UPPER(Sheet1!H9) -> DIYA KALEON | G9: =TEXT(Sheet1!C9,"dd/mm/yyyy") & "," & Sheet1!D9 -> 27/06/2025,KINGSWOOD | H9: =UPPER(Sheet1!J9 & "," & Sheet1!K9 & "," & Sheet1!L9) -> 112 BIRCHWOOD LANE,EMERALD ROAD,PIN:337234 KINGSWOOD | I9: =Sheet1!I9 -> 45893 | J9: =Sheet1!M9 & "," & TEXT(Sheet1!N9,"dd/mm/yy") -> MHA/IND/00008,08/07/25 | K9: IN PROCESS | L9: 03/03/2026 | M9: MANISH KATARIA, VICE CONSUL | N9: 26/02/2026
A10: =Sheet1!A10 & "/" & "2025" -> 9/2025 | B10: =Sheet1!E10 -> IND/MEL/00009 | C10: =UPPER(Sheet1!B10) -> KABIR SHARMA | D10: =IF(Sheet1!F10="F","FEMALE","MALE") -> MALE | E10: =UPPER(Sheet1!G10) -> ARJUN SHARMA | F10: =UPPER(Sheet1!H10) -> MIRA SHARMA | G10: =TEXT(Sheet1!C10,"dd/mm/yyyy") & "," & Sheet1!D10 -> 26/09/2025,CAMPBELLTOWN | H10: =UPPER(Sheet1!J10 & "," & Sheet1!K10 & "," & Sheet1!L10) -> 84 BIRCHWOOD LANE,EMERALD ROAD,PIN:403707 CAMPBELLTOWN | I10: =Sheet1!I10 -> 45969 | J10: =Sheet1!M10 & "," & TEXT(Sheet1!N10,"dd/mm/yy") -> MHA/IND/00009,27/08/25 | K10: IN PROCESS | L10: 03/03/2026 | M10: MANISH KATARIA, VICE CONSUL | N10: 26/02/2026
A11: =Sheet1!A11 & "/" & "2025" -> 10/2025 | B11: =Sheet1!E11 -> IND/MEL/00010 | C11: =UPPER(Sheet1!B11) -> ANYA RISHKAN | D11: =IF(Sheet1!F11="F","FEMALE","MALE") -> FEMALE | E11: =UPPER(Sheet1!G11) -> ARJUN RISHKAN | F11: =UPPER(Sheet1!H11) -> MIRA RISHKAN | G11: =TEXT(Sheet1!C11,"dd/mm/yyyy") & "," & Sheet1!D11 -> 06/01/2025,BERWICK | H11: =UPPER(Sheet1!J11 & "," & Sheet1!K11 & "," & Sheet1!L11) -> 61 BIRCHWOOD LANE,EMERALD ROAD,PIN:379882 BERWICK | I11: =Sheet1!I11 -> 45730 | J11: =Sheet1!M11 & "," & TEXT(Sheet1!N11,"dd/mm/yy") -> MHA/IND/00010,10/07/25 | K11: IN PROCESS | L11: 03/03/2026 | M11: MANISH KATARIA, VICE CONSUL | N11: 26/02/2026
A12: =Sheet1!A12 & "/" & "2025" -> 11/2025 | B12: =Sheet1!E12 -> IND/MEL/00011 | C12: =UPPER(Sheet1!B12) -> ISHAN RAO | D12: =IF(Sheet1!F12="F","FEMALE","MALE") -> MALE | E12: =UPPER(Sheet1!G12) -> ARJUN RAO | F12: =UPPER(Sheet1!H12) -> MIRA RAO | G12: =TEXT(Sheet1!C12,"dd/mm/yyyy") & "," & Sheet1!D12 -> 18/02/2025,PERTH | H12: =UPPER(Sheet1!J12 & "," & Sheet1!K12 & "," & Sheet1!L12) -> 15 BIRCHWOOD LANE,EMERALD ROAD,PIN:909065 PERTH | I12: =Sheet1!I12 -> 45815 | J12: =Sheet1!M12 & "," & TEXT(Sheet1!N12,"dd/mm/yy") -> MHA/IND/00011,15/08/25 | K12: IN PROCESS | L12: 03/03/2026 | M12: MANISH KATARIA, VICE CONSUL | N12: 26/02/2026
A13: =Sheet1!A13 & "/" & "2025" -> 12/2025 | B13: =Sheet1!E13 -> IND/MEL/00012 | C13: =UPPER(Sheet1!B13) -> DIYA SHARMA | D13: =IF(Sheet1!F13="F","FEMALE","MALE") -> FEMALE | E13: =UPPER(Sheet1!G13) -> ROHIT SHARMA | F13: =UPPER(Sheet1!H13) -> ANYA SHARMA | G13: =TEXT(Sheet1!C13,"dd/mm/yyyy") & "," & Sheet1!D13 -> 16/07/2025,TRARALGON | H13: =UPPER(Sheet1!J13 & "," & Sheet1!K13 & "," & Sheet1!L13) -> 105 BIRCHWOOD LANE,EMERALD ROAD,PIN:749689 TRARALGON | I13: =Sheet1!I13 -> 45971 | J13: =Sheet1!M13 & "," & TEXT(Sheet1!N13,"dd/mm/yy") -> MHA/IND/00012,03/08/25 | K13: IN PROCESS | L13: 03/03/2026 | M13: MANISH KATARIA, VICE CONSUL | N13: 26/02/2026
... A739: =Sheet1!A739 & "/" & "2025" -> 738/2025 | B739: =Sheet1!E739 -> IND/MEL/00738 | C739: =UPPER(Sheet1!B739) -> TARA SINDALE | D739: =IF(Sheet1!F739="F","FEMALE","MALE") -> FEMALE | E739: =UPPER(Sheet1!G739) -> ROHIT SINDALE | F739: =UPPER(Sheet1!H739) -> NINA SINDALE | G739: =TEXT(Sheet1!C739,"dd/mm/yyyy") & "," & Sheet1!D739 -> 13/07/2025,WOLLONGONG | H739: =UPPER(Sheet1!J739 & "," & Sheet1!K739 & "," & Sheet1!L739) -> 71 BIRCHWOOD LANE,EMERALD ROAD,PIN:806096 WOLLONGONG | I739: =Sheet1!I739 -> 45889 | J739: =Sheet1!M739 & "," & TEXT(Sheet1!N739,"dd/mm/yy") -> MHA/IND/00742,22/08/25 | K739: IN PROCESS | L739: 03/03/2026 | M739: MANISH KATARIA, VICE CONSUL | N739: 26/02/2026
A740: =Sheet1!A740 & "/" & "2025" -> 739/2025 | B740: =Sheet1!E740 -> IND/MEL/00739 | C740: =UPPER(Sheet1!B740) -> ARJUN KALEON | D740: =IF(Sheet1!F740="F","FEMALE","MALE") -> FEMALE | E740: =UPPER(Sheet1!G740) -> KABIR KALEON | F740: =UPPER(Sheet1!H740) -> ALYA KALEON | G740: =TEXT(Sheet1!C740,"dd/mm/yyyy") & "," & Sheet1!D740 -> 17/06/2025,DALBY | H740: =UPPER(Sheet1!J740 & "," & Sheet1!K740 & "," & Sheet1!L740) -> 123 BIRCHWOOD LANE,EMERALD ROAD,PIN:836079 DALBY | I740: =Sheet1!I740 -> 45844 | J740: =Sheet1!M740 & "," & TEXT(Sheet1!N740,"dd/mm/yy") -> MHA/IND/00743,09/07/25 | K740: IN PROCESS | L740: 03/03/2026 | M740: MANISH KATARIA, VICE CONSUL
A741: =Sheet1!A741 & "/" & "2025" -> 740/2025 | B741: =Sheet1!E741 -> IND/MEL/00740 | C741: =UPPER(Sheet1!B741) -> DEV SHARMA | D741: =IF(Sheet1!F741="F","FEMALE","MALE") -> MALE | E741: =UPPER(Sheet1!G741) -> KABIR MYRTHOS | F741: =UPPER(Sheet1!H741) -> MIRA MYRTHOS | G741: =TEXT(Sheet1!C741,"dd/mm/yyyy") & "," & Sheet1!D741 -> 28/01/2025,CLAYTON | H741: =UPPER(Sheet1!J741 & "," & Sheet1!K741 & "," & Sheet1!L741) -> 106 BIRCHWOOD LANE,EMERALD ROAD,PIN:528267 CLAYTON | I741: =Sheet1!I741 -> 45709 | J741: =Sheet1!M741 & "," & TEXT(Sheet1!N741,"dd/mm/yy") -> MHA/IND/00744,15/08/25 | K741: IN PROCESS | L741: 03/03/2026 | M741: MANISH KATARIA, VICE CONSUL
A742: =Sheet1!A742 & "/" & "2025" -> 741/2025 | B742: =Sheet1!E742 -> IND/MEL/00741 | C742: =UPPER(Sheet1!B742) -> KABIR KALEON | D742: =IF(Sheet1!F742="F","FEMALE","MALE") -> FEMALE | E742: =UPPER(Sheet1!G742) -> DEV SINDALE | F742: =UPPER(Sheet1!H742) -> NINA SINDALE | G742: =TEXT(Sheet1!C742,"dd/mm/yyyy") & "," & Sheet1!D742 -> 03/07/2025,MANDURAH | H742: =UPPER(Sheet1!J742 & "," & Sheet1!K742 & "," & Sheet1!L742) -> 163 BIRCHWOOD LANE,EMERALD ROAD,PIN:587920 MANDURAH | I742: =Sheet1!I742 -> 45884 | J742: =Sheet1!M742 & "," & TEXT(Sheet1!N742,"dd/mm/yy") -> MHA/IND/00745,04/08/25 | K742: IN PROCESS | L742: 03/03/2026 | M742: MANISH KATARIA, VICE CONSUL
A743: =Sheet1!A743 & "/" & "2025" -> 742/2025 | B743: =Sheet1!E743 -> IND/MEL/00742 | C743: =UPPER(Sheet1!B743) -> ALYA SINDALE | D743: =IF(Sheet1!F743="F","FEMALE","MALE") -> FEMALE | E743: =UPPER(Sheet1!G743) -> KIRAN RAO | F743: =UPPER(Sheet1!H743) -> TARA RAO | G743: =TEXT(Sheet1!C743,"dd/mm/yyyy") & "," & Sheet1!D743 -> 07/06/2025,BUNDOORA | H743: =UPPER(Sheet1!J743 & "," & Sheet1!K743 & "," & Sheet1!L743) -> 166 BIRCHWOOD LANE,EMERALD ROAD,PIN:443245 BUNDOORA | I743: =Sheet1!I743 -> 45833 | J743: =Sheet1!M743 & "," & TEXT(Sheet1!N743,"dd/mm/yy") -> MHA/IND/00746,06/07/25 | K743: IN PROCESS | L743: 03/03/2026 | M743: MANISH KATARIA, VICE CONSUL
A744: =Sheet1!A744 & "/" & "2025" -> 743/2025 | B744: =Sheet1!E744 -> IND/MEL/00743 | C744: =UPPER(Sheet1!B744) -> MIRA KALEON | D744: =IF(Sheet1!F744="F","FEMALE","MALE") -> FEMALE | E744: =UPPER(Sheet1!G744) -> ROHIT RISHKAN | F744: =UPPER(Sheet1!H744) -> SARA RISHKAN | G744: =TEXT(Sheet1!C744,"dd/mm/yyyy") & "," & Sheet1!D744 -> 26/05/2025,BRISBANE | H744: =UPPER(Sheet1!J744 & "," & Sheet1!K744 & "," & Sheet1!L744) -> 130 BIRCHWOOD LANE,EMERALD ROAD,PIN:854044 BRISBANE | I744: =Sheet1!I744 -> 45882 | J744: =Sheet1!M744 & "," & TEXT(Sheet1!N744,"dd/mm/yy") -> MHA/IND/00747,18/08/25 | K744: IN PROCESS | L744: 03/03/2026 | M744: MANISH KATARIA, VICE CONSUL
A745: =Sheet1!A745 & "/" & "2025" -> 744/2025 | B745: =Sheet1!E745 -> IND/MEL/00744 | C745: =UPPER(Sheet1!B745) -> ROHIT MYRTHOS | D745: =IF(Sheet1!F745="F","FEMALE","MALE") -> MALE | E745: =UPPER(Sheet1!G745) -> NEIL SINDALE | F745: =UPPER(Sheet1!H745) -> RIYA SINDALE | G745: =TEXT(Sheet1!C745,"dd/mm/yyyy") & "," & Sheet1!D745 -> 13/03/2025,BERWICK | H745: =UPPER(Sheet1!J745 & "," & Sheet1!K745 & "," & Sheet1!L745) -> 90 BIRCHWOOD LANE,EMERALD ROAD,PIN:146112 BERWICK | I745: =Sheet1!I745 -> 45792 | J745: =Sheet1!M745 & "," & TEXT(Sheet1!N745,"dd/mm/yy") -> MHA/IND/00748,20/07/25 | K745: IN PROCESS | L745: 03/03/2026 | M745: MANISH KATARIA, VICE CONSUL
A746: =Sheet1!A746 & "/" & "2025" -> 745/2025 | B746: =Sheet1!E746 -> IND/MEL/00745 | C746: =UPPER(Sheet1!B746) -> TARA SINDALE | D746: =IF(Sheet1!F746="F","FEMALE","MALE") -> FEMALE | E746: =UPPER(Sheet1!G746) -> KIRAN SHARMA | F746: =UPPER(Sheet1!H746) -> DIYA SHARMA | G746: =TEXT(Sheet1!C746,"dd/mm/yyyy") & "," & Sheet1!D746 -> 17/05/2025,GOSFORD | H746: =UPPER(Sheet1!J746 & "," & Sheet1!K746 & "," & Sheet1!L746) -> 187 BIRCHWOOD LANE,EMERALD ROAD,PIN:116116 GOSFORD | I746: =Sheet1!I746 -> 45856 | J746: =Sheet1!M746 & "," & TEXT(Sheet1!N746,"dd/mm/yy") -> MHA/IND/00749,22/07/25 | K746: IN PROCESS | L746: 03/03/2026 | M746: MANISH KATARIA, VICE CONSUL
A747: =Sheet1!A747 & "/" & "2025" -> 746/2025 | B747: =Sheet1!E747 -> IND/MEL/00746 | C747: =UPPER(Sheet1!B747) -> ANYA RAO | D747: =IF(Sheet1!F747="F","FEMALE","MALE") -> FEMALE | E747: =UPPER(Sheet1!G747) -> ROHIT KALEON | F747: =UPPER(Sheet1!H747) -> TARA KALEON | G747: =TEXT(Sheet1!C747,"dd/mm/yyyy") & "," & Sheet1!D747 -> 12/10/2025,ARMADALE | H747: =UPPER(Sheet1!J747 & "," & Sheet1!K747 & "," & Sheet1!L747) -> 146 BIRCHWOOD LANE,EMERALD ROAD,PIN:698609 ARMADALE | I747: =Sheet1!I747 -> 45968 | J747: =Sheet1!M747 & "," & TEXT(Sheet1!N747,"dd/mm/yy") -> MHA/IND/00750,01/08/25 | K747: IN PROCESS | L747: 03/03/2026 | M747: MANISH KATARIA, VICE CONSUL
A748: =Sheet1!A748 & "/" & "2025" -> 747/2025 | B748: =Sheet1!E748 -> IND/MEL/00747 | C748: =UPPER(Sheet1!B748) -> TARA RISHKAN | D748: =IF(Sheet1!F748="F","FEMALE","MALE") -> FEMALE | E748: =UPPER(Sheet1!G748) -> ISHAN KALEON | F748: =UPPER(Sheet1!H748) -> NINA KALEON | G748: =TEXT(Sheet1!C748,"dd/mm/yyyy") & "," & Sheet1!D748 -> 10/09/2025,PARKVILLE | H748: =UPPER(Sheet1!J748 & "," & Sheet1!K748 & "," & Sheet1!L748) -> 94 BIRCHWOOD LANE,EMERALD ROAD,PIN:243403 PARKVILLE | I748: =Sheet1!I748 -> 45999 | J748: =Sheet1!M748 & "," & TEXT(Sheet1!N748,"dd/mm/yy") -> MHA/IND/00751,28/07/25 | K748: IN PROCESS | L748: 03/03/2026 | M748: MANISH KATARIA, VICE CONSUL
A749: =Sheet1!A749 & "/" & "2025" -> 748/2025 | B749: =Sheet1!E749 -> IND/MEL/00748 | C749: =UPPER(Sheet1!B749) -> KABIR SINDALE | D749: =IF(Sheet1!F749="F","FEMALE","MALE") -> FEMALE | E749: =UPPER(Sheet1!G749) -> ROHIT MYRTHOS | F749: =UPPER(Sheet1!H749) -> MIRA MYRTHOS | G749: =TEXT(Sheet1!C749,"dd/mm/yyyy") & "," & Sheet1!D749 -> 12/09/2025,LIVERPOOL | H749: =UPPER(Sheet1!J749 & "," & Sheet1!K749 & "," & Sheet1!L749) -> 61 BIRCHWOOD LANE,EMERALD ROAD,PIN:333036 LIVERPOOL | I749: =Sheet1!I749 -> 45979 | J749: =Sheet1!M749 & "," & TEXT(Sheet1!N749,"dd/mm/yy") -> MHA/IND/00752,20/07/25 | K749: IN PROCESS | L749: 03/03/2026 | M749: MANISH KATARIA, VICE CONSUL
A750: =Sheet1!A750 & "/" & "2025" -> 749/2025 | B750: =Sheet1!E750 -> IND/MEL/00749 | C750: =UPPER(Sheet1!B750) -> MIRA SHARMA | D750: =IF(Sheet1!F750="F","FEMALE","MALE") -> MALE | E750: =UPPER(Sheet1!G750) -> AREN VALZARI | F750: =UPPER(Sheet1!H750) -> RIYA VALZARI | G750: =TEXT(Sheet1!C750,"dd/mm/yyyy") & "," & Sheet1!D750 -> 27/03/2025,BEDFORD PARK | H750: =UPPER(Sheet1!J750 & "," & Sheet1!K750 & "," & Sheet1!L750) -> 69 BIRCHWOOD LANE,EMERALD ROAD,PIN:974106 BEDFORD PARK | I750: =Sheet1!I750 -> 45808 | J750: =Sheet1!M750 & "," & TEXT(Sheet1!N750,"dd/mm/yy") -> MHA/IND/00753,11/08/25 | K750: IN PROCESS | L750: 03/03/2026 | M750: MANISH KATARIA, VICE CONSUL
A751: =Sheet1!A751 & "/" & "2025" -> 750/2025 | B751: =Sheet1!E751 -> IND/MEL/00750 | C751: =UPPER(Sheet1!B751) -> ANYA KALEON | D751: =IF(Sheet1!F751="F","FEMALE","MALE") -> MALE | E751: =UPPER(Sheet1!G751) -> ROHIT VALZARI | F751: =UPPER(Sheet1!H751) -> ALYA VALZARI | G751: =TEXT(Sheet1!C751,"dd/mm/yyyy") & "," & Sheet1!D751 -> 02/04/2025,WODONGA | H751: =UPPER(Sheet1!J751 & "," & Sheet1!K751 & "," & Sheet1!L751) -> 130 BIRCHWOOD LANE,EMERALD ROAD,PIN:903256 WODONGA | I751: =Sheet1!I751 -> 45786 | J751: =Sheet1!M751 & "," & TEXT(Sheet1!N751,"dd/mm/yy") -> MHA/IND/00754,09/08/25 | K751: IN PROCESS | L751: 03/03/2026 | M751: MANISH KATARIA, VICE CONSUL
... A1441: =Sheet1!A1441 & "/" & "2025" -> 1440/2025 | B1441: =Sheet1!E1441 -> IND/MEL/01440 | C1441: =UPPER(Sheet1!B1441) -> JOSHUA MARTINEZ | D1441: =IF(Sheet1!F1441="F","FEMALE","MALE") -> MALE | E1441: =UPPER(Sheet1!G1441) -> BRIAN MORRIS | F1441: =UPPER(Sheet1!H1441) -> ANGIE SMITH | G1441: =TEXT(Sheet1!C1441,"dd/mm/yyyy") & "," & Sheet1!D1441 -> 26/08/2025,NORTH RYANVILLE | H1441: =UPPER(Sheet1!J1441 & "," & Sheet1!K1441 & "," & Sheet1!L1441) -> 944 LAURA LOCKS SUITE 939,SUITE 757,PIN:39091 SOUTH MICHELLEMOUTH | I1441: =Sheet1!I1441 -> 46065 | J1441: =Sheet1!M1441 & "," & TEXT(Sheet1!N1441,"dd/mm/yy") -> MHA/IND/01440,28/02/26 | K1441: IN PROCESS | L1441: 03/03/2026 | M1441: MANISH KATARIA, VICE CONSUL

Sheet Sheet5
A1: Date | B1: Count | C1: Manual | D1: DocuMate | E1: Percentage | F1: Mach
A2: 45925 | B2: 235 | C2: =B2*315 -> 74025 | D2: =B2*0.1 -> 23.5 | E2: =((Table5[[#This Row],[Manual]]-Table5[[#This Row],[DocuMate]])/Table5[[#This Row],[Manual]])*100 -> 99.968254 | F2: =(Table5[[#This Row],[Manual]]/Table5[[#This Row],[DocuMate]]) -> 3150
A3: 45937 | B3: 46 | C3: =B3*315 -> 14490 | D3: =B3*0.1 -> 4.6 | E3: =((Table5[[#This Row],[Manual]]-Table5[[#This Row],[DocuMate]])/Table5[[#This Row],[Manual]])*100 -> 99.968254 | F3: =(Table5[[#This Row],[Manual]]/Table5[[#This Row],[DocuMate]]) -> 3150
A4: 45944 | B4: 45 | C4: =B4*315 -> 14175 | D4: =B4*0.1 -> 4.5 | E4: =((Table5[[#This Row],[Manual]]-Table5[[#This Row],[DocuMate]])/Table5[[#This Row],[Manual]])*100 -> 99.968254 | F4: =(Table5[[#This Row],[Manual]]/Table5[[#This Row],[DocuMate]]) -> 3150
A5: 45959 | B5: 77 | C5: =B5*315 -> 24255 | D5: =B5*0.1 -> 7.7 | E5: =((Table5[[#This Row],[Manual]]-Table5[[#This Row],[DocuMate]])/Table5[[#This Row],[Manual]])*100 -> 99.968254 | F5: =(Table5[[#This Row],[Manual]]/Table5[[#This Row],[DocuMate]]) -> 3150
A6: 46006 | B6: 251 | C6: =B6*315 -> 79065 | D6: =B6*0.1 -> 25.1 | E6: =((Table5[[#This Row],[Manual]]-Table5[[#This Row],[DocuMate]])/Table5[[#This Row],[Manual]])*100 -> 99.968254 | F6: =(Table5[[#This Row],[Manual]]/Table5[[#This Row],[DocuMate]]) -> 3150
A7: 46021 | B7: 17 | C7: =B7*315 -> 5355 | D7: =B7*0.1 -> 1.7 | E7: =((Table5[[#This Row],[Manual]]-Table5[[#This Row],[DocuMate]])/Table5[[#This Row],[Manual]])*100 -> 99.968254 | F7: =(Table5[[#This Row],[Manual]]/Table5[[#This Row],[DocuMate]]) -> 3150

Sheet Sheet7
A2: Sex | B2: Count of Sex
A3: MALE | B3: 382
A4: FEMALE | B4: 345
A5: Grand Total | B5: 727
